f0,f1,f2,f3,f4,f5,f6
20180101.0,24,24,24,24,24,24
20180102.0,24,24,24,24,24,24
20180103.0,24,24,24,24,24,24
20180104.0,24,24,24,24,24,24
20180105.0,24,24,24,24,24,24
20180106.0,24,24,24,24,24,24
20180107.0,24,24,24,24,24,24
20180108.0,24,24,24,24,24,24
20180109.0,24,24,24,24,24,24
20180110.0,24,24,24,24,24,24
20180111.0,24,24,24,24,24,24
20180112.0,24,24,24,24,24,24
20180113.0,24,24,24,24,24,24
20180114.0,24,24,24,24,24,24
20180115.0,24,24,24,24,24,24
20180116.0,24,24,24,24,24,24
20180117.0,24,24,24,24,24,24
20180118.0,24,24,24,24,24,24
20180119.0,24,24,24,24,24,24
20180120.0,24,24,24,24,24,24
20180121.0,24,24,24,24,24,24
20180122.0,24,24,24,24,24,24
20180123.0,24,24,24,24,24,24
20180124.0,24,24,24,24,24,24
20180125.0,24,24,24,24,24,24
20180126.0,24,24,24,24,24,24
20180127.0,24,24,24,24,24,24
20180128.0,24,24,24,24,24,24
20180129.0,24,24,24,24,24,24
20180130.0,24,24,24,24,24,24
20180131.0,24,24,24,24,24,24
20180201.0,24,24,24,24,24,24
20180202.0,24,24,24,24,24,24
20180203.0,24,24,24,24,24,24
20180204.0,24,24,24,24,24,24
20180205.0,24,24,24,24,24,24
20180206.0,24,24,24,24,24,24
20180207.0,24,24,24,24,24,24
20180208.0,24,24,24,24,24,24
20180209.0,24,24,24,24,24,24
20180210.0,24,24,24,24,24,24
20180211.0,24,24,24,24,24,24
20180212.0,24,24,24,24,24,24
20180213.0,24,24,24,24,24,24
20180214.0,24,24,24,24,24,24
20180215.0,24,24,24,24,24,24
20180216.0,24,24,24,24,24,24
20180217.0,24,24,24,24,24,24
20180218.0,24,24,24,24,24,24
20180219.0,24,24,24,24,24,24
20180220.0,24,24,24,24,24,24
20180221.0,24,24,24,24,24,24
20180222.0,24,24,24,24,24,24
20180223.0,24,24,24,24,24,24
20180224.0,24,24,24,24,24,24
20180225.0,24,24,24,24,24,24
20180226.0,24,24,24,24,24,24
20180227.0,24,24,24,24,24,24
20180228.0,24,24,24,24,24,24
20180301.0,24,24,24,24,24,24
20180302.0,24,24,24,24,24,24
20180303.0,24,24,24,24,24,24
20180304.0,24,24,24,24,24,24
20180305.0,24,24,24,24,24,24
20180306.0,24,24,24,24,24,24
20180307.0,24,24,24,24,24,24
20180308.0,24,24,24,24,24,24
20180309.0,24,24,24,24,24,24
20180310.0,24,24,24,24,24,24
20180311.0,24,24,24,24,24,24
20180312.0,24,24,24,24,24,24
20180313.0,24,24,24,24,24,24
20180314.0,24,24,24,24,24,24
20180315.0,24,24,24,24,24,24
20180316.0,24,24,24,24,24,24
20180317.0,24,24,24,24,24,24
20180318.0,24,24,24,24,24,24
20180319.0,24,24,24,24,24,24
20180320.0,24,24,24,24,24,24
20180321.0,24,24,24,24,24,24
20180322.0,24,24,24,24,24,24
20180323.0,24,24,24,24,24,24
20180324.0,24,24,24,24,24,24
20180325.0,24,24,24,24,24,24
20180326.0,24,24,24,24,24,24
20180327.0,24,24,24,24,24,24
20180328.0,24,24,24,24,24,24
20180329.0,24,24,24,24,24,24
20180330.0,24,24,24,24,24,24
20180331.0,24,24,24,24,24,24
20180401.0,24,24,24,24,24,24
20180402.0,24,24,24,24,24,24
20180403.0,24,24,24,24,24,24
20180404.0,24,24,24,24,24,24
20180405.0,24,24,24,24,24,24
20180406.0,24,24,24,24,24,24
20180407.0,24,24,24,24,24,24
20180408.0,24,24,24,24,24,24
20180409.0,24,24,24,24,24,24
20180410.0,24,24,24,24,24,24
20180411.0,24,24,24,24,24,24
20180412.0,24,24,24,24,24,24
20180413.0,24,24,24,24,24,24
20180414.0,24,24,24,24,24,24
20180415.0,24,24,24,24,24,24
20180416.0,24,24,24,24,24,24
20180417.0,24,24,24,24,24,24
20180418.0,24,24,24,24,24,24
20180419.0,24,24,24,24,24,24
20180420.0,24,24,24,24,24,24
20180421.0,24,24,24,24,24,24
20180422.0,24,24,24,24,24,24
20180423.0,24,24,24,24,24,24
20180424.0,24,24,24,24,24,24
20180425.0,24,24,24,24,24,24
20180426.0,24,24,24,24,24,24
20180427.0,24,24,24,24,24,24
20180428.0,24,24,24,24,24,24
20180429.0,24,24,24,24,24,24
20180430.0,24,24,24,24,24,24
20180501.0,24,24,24,24,24,24
20180502.0,24,24,24,24,24,24
20180503.0,24,24,24,24,24,24
20180504.0,24,24,24,24,24,24
20180505.0,24,24,24,24,24,24
20180506.0,24,24,24,24,24,24
20180507.0,24,24,24,24,24,24
20180508.0,24,24,24,24,24,24
20180509.0,24,24,24,24,24,24
20180510.0,24,24,24,24,24,24
20180511.0,24,24,24,24,24,24
20180512.0,24,24,24,24,24,24
20180513.0,24,24,24,24,24,24
20180514.0,24,24,24,24,24,24
20180515.0,24,24,24,24,24,24
20180516.0,24,24,24,24,24,24
20180517.0,24,24,24,24,24,24
20180518.0,24,24,24,24,24,24
20180519.0,24,24,24,24,24,24
20180520.0,24,24,24,24,24,24
20180521.0,24,24,24,24,24,24
20180522.0,24,24,24,24,24,24
20180523.0,24,24,24,24,24,24
20180524.0,24,24,24,24,24,24
20180525.0,24,24,24,24,24,24
20180526.0,24,24,24,24,24,24
20180527.0,24,24,24,24,24,24
20180528.0,24,24,24,24,24,24
20180529.0,24,24,24,24,24,24
20180530.0,24,24,24,24,24,24
20180531.0,24,24,24,24,24,24
20180601.0,24,24,24,24,24,24
20180602.0,24,24,24,24,24,24
20180603.0,24,24,24,24,24,24
20180604.0,24,24,24,24,24,24
20180605.0,24,24,24,24,24,24
20180606.0,24,24,24,24,24,24
20180607.0,24,24,24,24,24,24
20180608.0,24,24,24,24,24,24
20180609.0,24,24,24,24,24,24
20180610.0,24,24,24,24,24,24
20180611.0,24,24,24,24,24,24
20180612.0,24,24,24,24,24,24
20180613.0,24,24,24,24,24,24
20180614.0,24,24,24,24,24,24
20180615.0,24,24,24,24,24,24
20180616.0,24,24,24,24,24,24
20180617.0,24,24,24,24,24,24
20180618.0,24,24,24,24,24,24
20180619.0,24,24,24,24,24,24
20180620.0,24,24,24,24,24,24
20180621.0,24,24,24,24,24,24
20180622.0,24,24,24,24,24,24
20180623.0,24,24,24,24,24,24
20180624.0,24,24,24,24,24,24
20180625.0,24,24,24,24,24,24
20180626.0,24,24,24,24,24,24
20180627.0,24,24,24,24,24,24
20180628.0,24,24,24,24,24,24
20180629.0,24,24,24,24,24,24
20180630.0,24,24,24,24,24,24
20180701.0,24,24,24,24,24,24
20180702.0,24,24,24,24,24,24
20180703.0,24,24,24,24,24,24
20180704.0,24,24,24,24,24,24
20180705.0,24,24,24,24,24,24
20180706.0,24,24,24,24,24,24
20180707.0,24,24,24,24,24,24
20180708.0,24,24,24,24,24,24
20180709.0,24,24,24,24,24,24
20180710.0,24,24,24,24,24,24
20180711.0,24,24,24,24,24,24
20180712.0,24,24,24,24,24,24
20180713.0,24,24,24,24,24,24
20180714.0,24,24,24,24,24,24
20180715.0,24,24,24,24,24,24
20180716.0,24,24,24,24,24,24
20180717.0,24,24,24,24,24,24
20180718.0,24,24,24,24,24,24
20180719.0,24,24,24,24,24,24
20180720.0,24,24,24,24,24,24
20180721.0,24,24,24,24,24,24
20180722.0,24,24,24,24,24,24
20180723.0,24,24,24,24,24,24
20180724.0,24,24,24,24,24,24
20180725.0,24,24,24,24,24,24
20180726.0,24,24,24,24,24,24
20180727.0,24,24,24,24,24,24
20180728.0,24,24,24,24,24,24
20180729.0,24,24,24,24,24,24
20180730.0,24,24,24,24,24,24
20180731.0,24,24,24,24,24,24
20180801.0,24,24,24,24,24,24
20180802.0,24,24,24,24,24,24
20180803.0,24,24,24,24,24,24
20180804.0,24,24,24,24,24,24
20180805.0,24,24,24,24,24,24
20180806.0,24,24,24,24,24,24
20180807.0,24,24,24,24,24,24
20180808.0,24,24,24,24,24,24
20180809.0,24,24,24,24,24,24
20180810.0,24,24,24,24,24,24
20180811.0,24,24,24,24,24,24
20180812.0,24,24,24,24,24,24
20180813.0,24,24,24,24,24,24
20180814.0,24,24,24,24,24,24
20180815.0,24,24,24,24,24,24
20180816.0,24,24,24,24,24,24
20180817.0,24,24,24,24,24,24
20180818.0,24,24,24,24,24,24
20180819.0,24,24,24,24,24,24
20180820.0,24,24,24,24,24,24
20180821.0,24,24,24,24,24,24
20180822.0,24,24,24,24,24,24
20180823.0,24,24,24,24,24,24
20180824.0,24,24,24,24,24,24
20180825.0,24,24,24,24,24,24
20180826.0,24,24,24,24,24,24
20180827.0,24,24,24,24,24,24
20180828.0,24,24,24,24,24,24
20180829.0,24,24,24,24,24,24
20180830.0,24,24,24,24,24,24
20180831.0,24,24,24,24,24,24
20180901.0,24,24,24,24,24,24
20180902.0,24,24,24,24,24,24
20180903.0,24,24,24,24,24,24
20180904.0,24,24,24,24,24,24
20180905.0,24,24,24,24,24,24
20180906.0,24,24,24,24,24,24
20180907.0,24,24,24,24,24,24
20180908.0,24,24,24,24,24,24
20180909.0,24,24,24,24,24,24
20180910.0,24,24,24,24,24,24
20180911.0,24,24,24,24,24,24
20180912.0,24,24,24,24,24,24
20180913.0,24,24,24,24,24,24
20180914.0,24,24,24,24,24,24
20180915.0,24,24,24,24,24,24
20180916.0,24,24,24,24,24,24
20180917.0,24,24,24,24,24,24
20180918.0,24,24,24,24,24,24
20180919.0,24,24,24,24,24,24
20180920.0,24,24,24,24,24,24
20180921.0,24,24,24,24,24,24
20180922.0,24,24,24,24,24,24
20180923.0,24,24,24,24,24,24
20180924.0,24,24,24,24,24,24
20180925.0,24,24,24,24,24,24
20180926.0,24,24,24,24,24,24
20180927.0,24,24,24,24,24,24
20180928.0,24,24,24,24,24,24
20180929.0,24,24,24,24,24,24
20180930.0,24,24,24,24,24,24
20181001.0,24,24,24,24,24,24
20181002.0,24,24,24,24,24,24
20181003.0,24,24,24,24,24,24
20181004.0,24,24,24,24,24,24
20181005.0,24,24,24,24,24,24
20181006.0,24,24,24,24,24,24
20181007.0,24,24,24,24,24,24
20181008.0,24,24,24,24,24,24
20181009.0,24,24,24,24,24,24
20181010.0,24,24,24,24,24,24
20181011.0,24,24,24,24,24,24
20181012.0,24,24,24,24,24,24
20181013.0,24,24,24,24,24,24
20181014.0,24,24,24,24,24,24
20181015.0,24,24,24,24,24,24
20181016.0,24,24,24,24,24,24
20181017.0,24,24,24,24,24,24
20181018.0,24,24,24,24,24,24
20181019.0,24,24,24,24,24,24
20181020.0,24,24,24,24,24,24
20181021.0,24,24,24,24,24,24
20181022.0,24,24,24,24,24,24
20181023.0,24,24,24,24,24,24
20181024.0,24,24,24,24,24,24
20181025.0,24,24,24,24,24,24
20181026.0,24,24,24,24,24,24
20181027.0,24,24,24,24,24,24
20181028.0,24,24,24,24,24,24
20181029.0,24,24,24,24,24,24
20181030.0,24,24,24,24,24,24
20181031.0,24,24,24,24,24,24
20181101.0,24,24,24,24,24,24
20181102.0,24,24,24,24,24,24
20181103.0,24,24,24,24,24,24
20181104.0,24,24,24,24,24,24
20181105.0,24,24,24,24,24,24
20181106.0,24,24,24,24,24,24
20181107.0,24,24,24,24,24,24
20181108.0,24,24,24,24,24,24
20181109.0,24,24,24,24,24,24
20181110.0,24,24,24,24,24,24
20181111.0,24,24,24,24,24,24
20181112.0,24,24,24,24,24,24
20181113.0,24,24,24,24,24,24
20181114.0,24,24,24,24,24,24
20181115.0,24,24,24,24,24,24
20181116.0,24,24,24,24,24,24
20181117.0,24,24,24,24,24,24
20181118.0,24,24,24,24,24,24
20181119.0,24,24,24,24,24,24
20181120.0,24,24,24,24,24,24
20181121.0,24,24,24,24,24,24
20181122.0,24,24,24,24,24,24
20181123.0,24,24,24,24,24,24
20181124.0,24,24,24,24,24,24
20181125.0,24,24,24,24,24,24
20181126.0,24,24,24,24,24,24
20181127.0,24,24,24,24,24,24
20181128.0,24,24,24,24,24,24
20181129.0,24,24,24,24,24,24
20181130.0,24,24,24,24,24,24
20181201.0,24,24,24,24,24,24
20181202.0,24,24,24,24,24,24
20181203.0,24,24,24,24,24,24
20181204.0,24,24,24,24,24,24
20181205.0,24,24,24,24,24,24
20181206.0,24,24,24,24,24,24
20181207.0,24,24,24,24,24,24
20181208.0,24,24,24,24,24,24
20181209.0,24,24,24,24,24,24
20181210.0,24,24,24,24,24,24
20181211.0,24,24,24,24,24,24
20181212.0,24,24,24,24,24,24
20181213.0,24,24,24,24,24,24
20181214.0,24,24,24,24,24,24
20181215.0,24,24,24,24,24,24
20181216.0,24,24,24,24,24,24
20181217.0,24,24,24,24,24,24
20181218.0,24,24,24,24,24,24
20181219.0,24,24,24,24,24,24
20181220.0,24,24,24,24,24,24
20181221.0,24,24,24,24,24,24
20181222.0,24,24,24,24,24,24
20181223.0,24,24,24,24,24,24
20181224.0,24,24,24,24,24,24
20181225.0,24,24,24,24,24,24
20181226.0,24,24,24,24,24,24
20181227.0,24,24,24,24,24,24
20181228.0,24,24,24,24,24,24
20181229.0,24,24,24,24,24,24
20181230.0,24,24,24,24,24,24
20181231.0,24,24,24,24,24,24
20190101.0,24,24,24,24,24,24
20190102.0,24,24,24,24,24,24
20190103.0,24,24,24,24,24,24
20190104.0,24,24,24,24,24,24
20190105.0,24,24,24,24,24,24
20190106.0,24,24,24,24,24,24
20190107.0,24,24,24,24,24,24
20190108.0,24,24,24,24,24,24
20190109.0,24,24,24,24,24,24
20190110.0,24,24,24,24,24,24
20190111.0,24,24,24,24,24,24
20190112.0,24,24,24,24,24,24
20190113.0,24,24,24,24,24,24
20190114.0,24,24,24,24,24,24
20190115.0,24,24,24,24,24,24
20190116.0,24,24,24,24,24,24
20190117.0,24,24,24,24,24,24
20190118.0,24,24,24,24,24,24
20190119.0,24,24,24,24,24,24
20190120.0,24,24,24,24,24,24
20190121.0,24,24,24,24,24,24
20190122.0,24,24,24,24,24,24
20190123.0,24,24,24,24,24,24
20190124.0,24,24,24,24,24,24
20190125.0,24,24,24,24,24,24
20190126.0,24,24,24,24,24,24
20190127.0,24,24,24,24,24,24
20190128.0,24,24,24,24,24,24
20190129.0,24,24,24,24,24,24
20190130.0,24,24,24,24,24,24
20190131.0,24,24,24,24,24,24
20190201.0,24,24,24,24,24,24
20190202.0,24,24,24,24,24,24
20190203.0,24,24,24,24,24,24
20190204.0,24,24,24,24,24,24
20190205.0,24,24,24,24,24,24
20190206.0,24,24,24,24,24,24
20190207.0,24,24,24,24,24,24
20190208.0,24,24,24,24,24,24
20190209.0,24,24,24,24,24,24
20190210.0,24,24,24,24,24,24
20190211.0,24,24,24,24,24,24
20190212.0,24,24,24,24,24,24
20190213.0,24,24,24,24,24,24
20190214.0,24,24,24,24,24,24
20190215.0,72,72,72,72,72,72
20190216.0,24,24,24,24,24,24
20190217.0,24,24,24,24,24,24
20190218.0,24,24,24,24,24,24
20190219.0,24,24,24,24,24,24
20190220.0,24,24,24,24,24,24
20190221.0,24,24,24,24,24,24
20190222.0,24,24,24,24,24,24
20190223.0,24,24,24,24,24,24
20190224.0,24,24,24,24,24,24
20190225.0,24,24,24,24,24,24
20190226.0,24,24,24,24,24,24
20190227.0,24,24,24,24,24,24
20190228.0,24,24,24,24,24,24
20190301.0,24,24,24,24,24,24
20190302.0,24,24,24,24,24,24
20190303.0,24,24,24,24,24,24
20190304.0,24,24,24,24,24,24
20190305.0,24,24,24,24,24,24
20190306.0,24,24,24,24,24,24
20190307.0,24,24,24,24,24,24
20190308.0,24,24,24,24,24,24
20190309.0,24,24,24,24,24,24
20190310.0,24,24,24,24,24,24
20190311.0,48,48,48,48,48,48
20190312.0,24,24,24,24,24,24
20190313.0,24,24,24,24,24,24
20190314.0,24,24,24,24,24,24
20190315.0,24,24,24,24,24,24
20190316.0,24,24,24,24,24,24
20190317.0,24,24,24,24,24,24
20190318.0,24,24,24,24,24,24
20190319.0,24,24,24,24,24,24
20190320.0,24,24,24,24,24,24
20190321.0,24,24,24,24,24,24
20190322.0,24,24,24,24,24,24
20190323.0,24,24,24,24,24,24
20190324.0,24,24,24,24,24,24
20190325.0,24,24,24,24,24,24
20190326.0,24,24,24,24,24,24
20190327.0,24,24,24,24,24,24
20190328.0,24,24,24,24,24,24
20190329.0,24,24,24,24,24,24
20190330.0,24,24,24,24,24,24
20190331.0,24,24,24,24,24,24
20190401.0,24,24,24,24,24,24
20190402.0,24,24,24,24,24,24
20190403.0,24,24,24,24,24,24
20190404.0,24,24,24,24,24,24
20190405.0,24,24,24,24,24,24
20190406.0,24,24,24,24,24,24
20190407.0,24,24,24,24,24,24
20190408.0,24,24,24,24,24,24
20190409.0,24,24,24,24,24,24
20190410.0,24,24,24,24,24,24
20190411.0,24,24,24,24,24,24
20190412.0,24,24,24,24,24,24
20190413.0,24,24,24,24,24,24
20190414.0,24,24,24,24,24,24
20190415.0,24,24,24,24,24,24
20190416.0,24,24,24,24,24,24
20190417.0,24,24,24,24,24,24
20190418.0,24,24,24,24,24,24
20190419.0,24,24,24,24,24,24
20190420.0,24,24,24,24,24,24
20190421.0,24,24,24,24,24,24
20190422.0,24,24,24,24,24,24
20190423.0,24,24,24,24,24,24
20190424.0,24,24,24,24,24,24
20190425.0,24,24,24,24,24,24
20190426.0,24,24,24,24,24,24
20190427.0,24,24,24,24,24,24
20190428.0,24,24,24,24,24,24
20190429.0,24,24,24,24,24,24
20190430.0,24,24,24,24,24,24
20190501.0,24,24,24,24,24,24
20190502.0,24,24,24,24,24,24
20190503.0,24,24,24,24,24,24
20190504.0,24,24,24,24,24,24
20190505.0,24,24,24,24,24,24
20190506.0,24,24,24,24,24,24
20190507.0,24,24,24,24,24,24
20190508.0,24,24,24,24,24,24
20190509.0,24,24,24,24,24,24
20190510.0,24,24,24,24,24,24
20190511.0,24,24,24,24,24,24
20190512.0,24,24,24,24,24,24
20190513.0,24,24,24,24,24,24
20190514.0,24,24,24,24,24,24
20190515.0,24,24,24,24,24,24
20190516.0,24,24,24,24,24,24
20190517.0,24,24,24,24,24,24
20190518.0,24,24,24,24,24,24
20190519.0,24,24,24,24,24,24
20190520.0,24,24,24,24,24,24
20190521.0,24,24,24,24,24,24
20190522.0,24,24,24,24,24,24
20190523.0,24,24,24,24,24,24
20190524.0,24,24,24,24,24,24
20190525.0,24,24,24,24,24,24
20190526.0,24,24,24,24,24,24
20190527.0,24,24,24,24,24,24
20190528.0,24,24,24,24,24,24
20190529.0,24,24,24,24,24,24
20190530.0,24,24,24,24,24,24
20190531.0,24,24,24,24,24,24
20190601.0,24,24,24,24,24,24
20190602.0,24,24,24,24,24,24
20190603.0,24,24,24,24,24,24
20190604.0,24,24,24,24,24,24
20190605.0,24,24,24,24,24,24
20190606.0,24,24,24,24,24,24
20190607.0,24,24,24,24,24,24
20190608.0,24,24,24,24,24,24
20190609.0,24,24,24,24,24,24
20190610.0,24,24,24,24,24,24
20190611.0,24,24,24,24,24,24
20190612.0,24,24,24,24,24,24
20190613.0,24,24,24,24,24,24
20190614.0,24,24,24,24,24,24
20190615.0,24,24,24,24,24,24
20190616.0,24,24,24,24,24,24
20190617.0,24,24,24,24,24,24
20190618.0,24,24,24,24,24,24
20190619.0,24,24,24,24,24,24
20190620.0,24,24,24,24,24,24
20190621.0,24,24,24,24,24,24
20190622.0,24,24,24,24,24,24
20190623.0,24,24,24,24,24,24
20190624.0,24,24,24,24,24,24
20190625.0,24,24,24,24,24,24
20190626.0,24,24,24,24,24,24
20190627.0,24,24,24,24,24,24
20190628.0,24,24,24,24,24,24
20190629.0,24,24,24,24,24,24
20190630.0,24,24,24,24,24,24
20190701.0,24,24,24,24,24,24
20190702.0,24,24,24,24,24,24
20190703.0,24,24,24,24,24,24
20190704.0,24,24,24,24,24,24
20190705.0,24,24,24,24,24,24
20190706.0,24,24,24,24,24,24
20190707.0,24,24,24,24,24,24
20190708.0,24,24,24,24,24,24
20190709.0,24,24,24,24,24,24
20190710.0,24,24,24,24,24,24
20190711.0,24,24,24,24,24,24
20190712.0,24,24,24,24,24,24
20190713.0,24,24,24,24,24,24
20190714.0,24,24,24,24,24,24
20190715.0,24,24,24,24,24,24
20190716.0,24,24,24,24,24,24
20190717.0,24,24,24,24,24,24
20190718.0,24,24,24,24,24,24
20190719.0,24,24,24,24,24,24
20190720.0,24,24,24,24,24,24
20190721.0,24,24,24,24,24,24
20190722.0,24,24,24,24,24,24
20190723.0,24,24,24,24,24,24
20190724.0,24,24,24,24,24,24
20190725.0,24,24,24,24,24,24
20190726.0,24,24,24,24,24,24
20190727.0,24,24,24,24,24,24
20190728.0,24,24,24,24,24,24
20190729.0,24,24,24,24,24,24
20190730.0,24,24,24,24,24,24
20190731.0,24,24,24,24,24,24
20190801.0,24,24,24,24,24,24
20190802.0,24,24,24,24,24,24
20190803.0,24,24,24,24,24,24
20190804.0,24,24,24,24,24,24
20190805.0,24,24,24,24,24,24
20190806.0,24,24,24,24,24,24
20190807.0,24,24,24,24,24,24
20190808.0,24,24,24,24,24,24
20190809.0,24,24,24,24,24,24
20190810.0,24,24,24,24,24,24
20190811.0,24,24,24,24,24,24
20190812.0,24,24,24,24,24,24
20190813.0,24,24,24,24,24,24
20190814.0,24,24,24,24,24,24
20190815.0,24,24,24,24,24,24
20190816.0,24,24,24,24,24,24
20190817.0,24,24,24,24,24,24
20190818.0,24,24,24,24,24,24
20190819.0,24,24,24,24,24,24
20190820.0,24,24,24,24,24,24
20190821.0,24,24,24,24,24,24
20190822.0,24,24,24,24,24,24
20190823.0,24,24,24,24,24,24
20190824.0,24,24,24,24,24,24
20190825.0,24,24,24,24,24,24
20190826.0,24,24,24,24,24,24
20190827.0,24,24,24,24,24,24
20190828.0,24,24,24,24,24,24
20190829.0,24,24,24,24,24,24
20190830.0,24,24,24,24,24,24
20190831.0,24,24,24,24,24,24
20190901.0,24,24,24,24,24,24
20190902.0,24,24,24,24,24,24
20190903.0,24,24,24,24,24,24
20190904.0,24,24,24,24,24,24
20190905.0,24,24,24,24,24,24
20190906.0,24,24,24,24,24,24
20190907.0,24,24,24,24,24,24
20190908.0,24,24,24,24,24,24
20190909.0,24,24,24,24,24,24
20190910.0,24,24,24,24,24,24
20190911.0,24,24,24,24,24,24
20190912.0,24,24,24,24,24,24
20190913.0,24,24,24,24,24,24
20190914.0,24,24,24,24,24,24
20190915.0,24,24,24,24,24,24
20190916.0,24,24,24,24,24,24
20190917.0,24,24,24,24,24,24
20190918.0,24,24,24,24,24,24
20190919.0,24,24,24,24,24,24
20190920.0,24,24,24,24,24,24
20190921.0,24,24,24,24,24,24
20190922.0,24,24,24,24,24,24
20190923.0,24,24,24,24,24,24
20190924.0,24,24,24,24,24,24
20190925.0,24,24,24,24,24,24
20190926.0,24,24,24,24,24,24
20190927.0,24,24,24,24,24,24
20190928.0,24,24,24,24,24,24
20190929.0,24,24,24,24,24,24
20190930.0,24,24,24,24,24,24
20191001.0,24,24,24,24,24,24
20191002.0,24,24,24,24,24,24
20191003.0,24,24,24,24,24,24
20191004.0,24,24,24,24,24,24
20191005.0,24,24,24,24,24,24
20191006.0,24,24,24,24,24,24
20191007.0,24,24,24,24,24,24
20191008.0,24,24,24,24,24,24
20191009.0,24,24,24,24,24,24
20191010.0,24,24,24,24,24,24
20191011.0,24,24,24,24,24,24
20191012.0,24,24,24,24,24,24
20191013.0,24,24,24,24,24,24
20191014.0,24,24,24,24,24,24
20191015.0,24,24,24,24,24,24
20191016.0,24,24,24,24,24,24
20191017.0,24,24,24,24,24,24
20191018.0,24,24,24,24,24,24
20191019.0,24,24,24,24,24,24
20191020.0,24,24,24,24,24,24
20191021.0,24,24,24,24,24,24
20191022.0,24,24,24,24,24,24
20191023.0,24,24,24,24,24,24
20191024.0,24,24,24,24,24,24
20191025.0,24,24,24,24,24,24
20191026.0,24,24,24,24,24,24
20191027.0,24,24,24,24,24,24
20191028.0,24,24,24,24,24,24
20191029.0,24,24,24,24,24,24
20191030.0,24,24,24,24,24,24
20191031.0,24,24,24,24,24,24
20191101.0,24,24,24,24,24,24
20191102.0,24,24,24,24,24,24
20191103.0,24,24,24,24,24,24
20191104.0,24,24,24,24,24,24
20191105.0,24,24,24,24,24,24
20191106.0,24,24,24,24,24,24
20191107.0,24,24,24,24,24,24
20191108.0,24,24,24,24,24,24
20191109.0,24,24,24,24,24,24
20191110.0,24,24,24,24,24,24
20191111.0,24,24,24,24,24,24
20191112.0,24,24,24,24,24,24
20191113.0,24,24,24,24,24,24
20191114.0,24,24,24,24,24,24
20191115.0,24,24,24,24,24,24
20191116.0,24,24,24,24,24,24
20191117.0,24,24,24,24,24,24
20191118.0,24,24,24,24,24,24
20191119.0,24,24,24,24,24,24
20191120.0,24,24,24,24,24,24
20191121.0,24,24,24,24,24,24
20191122.0,24,24,24,24,24,24
20191123.0,24,24,24,24,24,24
20191124.0,24,24,24,24,24,24
20191125.0,24,24,24,24,24,24
20191126.0,24,24,24,24,24,24
20191127.0,24,24,24,24,24,24
20191128.0,24,24,24,24,24,24
20191129.0,24,24,24,24,24,24
20191130.0,24,24,24,24,24,24
20191201.0,24,24,24,24,24,24
20191202.0,24,24,24,24,24,24
20191203.0,24,24,24,24,24,24
20191204.0,24,24,24,24,24,24
20191205.0,24,24,24,24,24,24
20191206.0,24,24,24,24,24,24
20191207.0,24,24,24,24,24,24
20191208.0,24,24,24,24,24,24
20191209.0,24,24,24,24,24,24
20191210.0,24,24,24,24,24,24
20191211.0,24,24,24,24,24,24
20191212.0,24,24,24,24,24,24
20191213.0,24,24,24,24,24,24
20191214.0,24,24,24,24,24,24
20191215.0,24,24,24,24,24,24
20191216.0,24,24,24,24,24,24
20191217.0,24,24,24,24,24,24
20191218.0,24,24,24,24,24,24
20191219.0,24,24,24,24,24,24
20191220.0,24,24,24,24,24,24
20191221.0,24,24,24,24,24,24
20191222.0,24,24,24,24,24,24
20191223.0,24,24,24,24,24,24
20191224.0,24,24,24,24,24,24
20191225.0,24,24,24,24,24,24
20191226.0,24,24,24,24,24,24
20191227.0,24,24,24,24,24,24
20191228.0,24,24,24,24,24,24
20191229.0,24,24,24,24,24,24
20191230.0,24,24,24,24,24,24
20191231.0,24,24,24,24,24,24
20200101.0,24,24,24,24,24,24
20200102.0,24,24,24,24,24,24
20200103.0,24,24,24,24,24,24
20200104.0,24,24,24,24,24,24
20200105.0,24,24,24,24,24,24
20200106.0,24,24,24,24,24,24
20200107.0,24,24,24,24,24,24
20200108.0,24,24,24,24,24,24
20200109.0,24,24,24,24,24,24
20200110.0,24,24,24,24,24,24
20200111.0,24,24,24,24,24,24
20200112.0,24,24,24,24,24,24
20200113.0,24,24,24,24,24,24
20200114.0,24,24,24,24,24,24
20200115.0,24,24,24,24,24,24
20200116.0,24,24,24,24,24,24
20200117.0,24,24,24,24,24,24
20200118.0,24,24,24,24,24,24
20200119.0,24,24,24,24,24,24
20200120.0,24,24,24,24,24,24
20200121.0,24,24,24,24,24,24
20200122.0,24,24,24,24,24,24
20200123.0,24,24,24,24,24,24
20200124.0,24,24,24,24,24,24
20200125.0,24,24,24,24,24,24
20200126.0,24,24,24,24,24,24
20200127.0,24,24,24,24,24,24
20200128.0,24,24,24,24,24,24
20200129.0,24,24,24,24,24,24
20200130.0,24,24,24,24,24,24
20200131.0,24,24,24,24,24,24
20200201.0,24,24,24,24,24,24
20200202.0,24,24,24,24,24,24
20200203.0,24,24,24,24,24,24
20200204.0,24,24,24,24,24,24
20200205.0,24,24,24,24,24,24
20200206.0,24,24,24,24,24,24
20200207.0,24,24,24,24,24,24
20200208.0,24,24,24,24,24,24
20200209.0,24,24,24,24,24,24
20200210.0,24,24,24,24,24,24
20200211.0,24,24,24,24,24,24
20200212.0,24,24,24,24,24,24
20200213.0,24,24,24,24,24,24
20200214.0,24,24,24,24,24,24
20200215.0,24,24,24,24,24,24
20200216.0,24,24,24,24,24,24
20200217.0,24,24,24,24,24,24
20200218.0,24,24,24,24,24,24
20200219.0,24,24,24,24,24,24
20200220.0,24,24,24,24,24,24
20200221.0,24,24,24,24,24,24
20200222.0,24,24,24,24,24,24
20200223.0,24,24,24,24,24,24
20200224.0,24,24,24,24,24,24
20200225.0,24,24,24,24,24,24
20200226.0,24,24,24,24,24,24
20200227.0,24,24,24,24,24,24
20200228.0,24,24,24,24,24,24
20200229.0,24,24,24,24,24,24
20200301.0,24,24,24,24,24,24
20200302.0,24,24,24,24,24,24
20200303.0,24,24,24,24,24,24
20200304.0,24,24,24,24,24,24
20200305.0,24,24,24,24,24,24
20200306.0,24,24,24,24,24,24
20200307.0,24,24,24,24,24,24
20200308.0,24,24,24,24,24,24
20200309.0,24,24,24,24,24,24
20200310.0,24,24,24,24,24,24
20200311.0,24,24,24,24,24,24
20200312.0,24,24,24,24,24,24
20200313.0,24,24,24,24,24,24
20200314.0,24,24,24,24,24,24
20200315.0,24,24,24,24,24,24
20200316.0,24,24,24,24,24,24
20200317.0,24,24,24,24,24,24
20200318.0,24,24,24,24,24,24
20200319.0,24,24,24,24,24,24
20200320.0,24,24,24,24,24,24
20200321.0,24,24,24,24,24,24
20200322.0,24,24,24,24,24,24
20200323.0,24,24,24,24,24,24
20200324.0,24,24,24,24,24,24
20200325.0,24,24,24,24,24,24
20200326.0,24,24,24,24,24,24
20200327.0,24,24,24,24,24,24
20200328.0,24,24,24,24,24,24
20200329.0,24,24,24,24,24,24
20200330.0,24,24,24,24,24,24
20200331.0,24,24,24,24,24,24
20200401.0,24,24,24,24,24,24
20200402.0,24,24,24,24,24,24
20200403.0,24,24,24,24,24,24
20200404.0,24,24,24,24,24,24
20200405.0,24,24,24,24,24,24
20200406.0,24,24,24,24,24,24
20200407.0,24,24,24,24,24,24
20200408.0,24,24,24,24,24,24
20200409.0,24,24,24,24,24,24
20200410.0,24,24,24,24,24,24
20200411.0,24,24,24,24,24,24
20200412.0,24,24,24,24,24,24
20200413.0,24,24,24,24,24,24
20200414.0,24,24,24,24,24,24
20200415.0,24,24,24,24,24,24
20200416.0,24,24,24,24,24,24
20200417.0,24,24,24,24,24,24
20200418.0,24,24,24,24,24,24
20200419.0,24,24,24,24,24,24
20200420.0,24,24,24,24,24,24
20200421.0,24,24,24,24,24,24
20200422.0,24,24,24,24,24,24
20200423.0,24,24,24,24,24,24
20200424.0,24,24,24,24,24,24
20200425.0,24,24,24,24,24,24
20200426.0,24,24,24,24,24,24
20200427.0,24,24,24,24,24,24
20200428.0,24,24,24,24,24,24
20200429.0,24,24,24,24,24,24
20200430.0,24,24,24,24,24,24
20200501.0,24,24,24,24,24,24
20200502.0,24,24,24,24,24,24
20200503.0,24,24,24,24,24,24
20200504.0,24,24,24,24,24,24
20200505.0,24,24,24,24,24,24
20200506.0,24,24,24,24,24,24
20200507.0,24,24,24,24,24,24
20200508.0,24,24,24,24,24,24
20200509.0,24,24,24,24,24,24
20200510.0,24,24,24,24,24,24
20200511.0,24,24,24,24,24,24
20200512.0,24,24,24,24,24,24
20200513.0,24,24,24,24,24,24
20200514.0,24,24,24,24,24,24
20200515.0,24,24,24,24,24,24
20200516.0,24,24,24,24,24,24
20200517.0,24,24,24,24,24,24
20200518.0,24,24,24,24,24,24
20200519.0,24,24,24,24,24,24
20200520.0,24,24,24,24,24,24
20200521.0,24,24,24,24,24,24
20200522.0,24,24,24,24,24,24
20200523.0,24,24,24,24,24,24
20200524.0,24,24,24,24,24,24
20200525.0,24,24,24,24,24,24
20200526.0,24,24,24,24,24,24
20200527.0,24,24,24,24,24,24
20200528.0,24,24,24,24,24,24
20200529.0,24,24,24,24,24,24
20200530.0,24,24,24,24,24,24
20200531.0,24,24,24,24,24,24
20200601.0,24,24,24,24,24,24
20200602.0,24,24,24,24,24,24
20200603.0,24,24,24,24,24,24
20200604.0,24,24,24,24,24,24
20200605.0,24,24,24,24,24,24
20200606.0,24,24,24,24,24,24
20200607.0,24,24,24,24,24,24
20200608.0,24,24,24,24,24,24
20200609.0,24,24,24,24,24,24
20200610.0,24,24,24,24,24,24
20200611.0,24,24,24,24,24,24
20200612.0,24,24,24,24,24,24
20200613.0,24,24,24,24,24,24
20200614.0,24,24,24,24,24,24
20200615.0,24,24,24,24,24,24
20200616.0,24,24,24,24,24,24
20200617.0,24,24,24,24,24,24
20200618.0,24,24,24,24,24,24
20200619.0,24,24,24,24,24,24
20200620.0,24,24,24,24,24,24
20200621.0,24,24,24,24,24,24
20200622.0,24,24,24,24,24,24
20200623.0,24,24,24,24,24,24
20200624.0,24,24,24,24,24,24
20200625.0,24,24,24,24,24,24
20200626.0,24,24,24,24,24,24
20200627.0,24,24,24,24,24,24
20200628.0,24,24,24,24,24,24
20200629.0,24,24,24,24,24,24
20200630.0,24,24,24,24,24,24
20200701.0,24,24,24,24,24,24
20200702.0,24,24,24,24,24,24
20200703.0,24,24,24,24,24,24
20200704.0,24,24,24,24,24,24
20200705.0,24,24,24,24,24,24
20200706.0,24,24,24,24,24,24
20200707.0,24,24,24,24,24,24
20200708.0,24,24,24,24,24,24
20200709.0,24,24,24,24,24,24
20200710.0,24,24,24,24,24,24
20200711.0,24,24,24,24,24,24
20200712.0,24,24,24,24,24,24
20200713.0,24,24,24,24,24,24
20200714.0,24,24,24,24,24,24
20200715.0,24,24,24,24,24,24
20200716.0,24,24,24,24,24,24
20200717.0,24,24,24,24,24,24
20200718.0,24,24,24,24,24,24
20200719.0,24,24,24,24,24,24
20200720.0,24,24,24,24,24,24
20200721.0,24,24,24,24,24,24
20200722.0,24,24,24,24,24,24
20200723.0,24,24,24,24,24,24
20200724.0,24,24,24,24,24,24
20200725.0,24,24,24,24,24,24
20200726.0,24,24,24,24,24,24
20200727.0,24,24,24,24,24,24
20200728.0,24,24,24,24,24,24
20200729.0,24,24,24,24,24,24
20200730.0,24,24,24,24,24,24
20200731.0,24,24,24,24,24,24
20200801.0,24,24,24,24,24,24
20200802.0,24,24,24,24,24,24
20200803.0,24,24,24,24,24,24
20200804.0,24,24,24,24,24,24
20200805.0,24,24,24,24,24,24
20200806.0,24,24,24,24,24,24
20200807.0,24,24,24,24,24,24
20200808.0,24,24,24,24,24,24
20200809.0,24,24,24,24,24,24
20200810.0,24,24,24,24,24,24
20200811.0,24,24,24,24,24,24
20200812.0,24,24,24,24,24,24
20200813.0,24,24,24,24,24,24
20200814.0,24,24,24,24,24,24
20200815.0,24,24,24,24,24,24
20200816.0,24,24,24,24,24,24
20200817.0,24,24,24,24,24,24
20200818.0,24,24,24,24,24,24
20200819.0,24,24,24,24,24,24
20200820.0,24,24,24,24,24,24
20200821.0,24,24,24,24,24,24
20200822.0,24,24,24,24,24,24
20200823.0,24,24,24,24,24,24
20200824.0,24,24,24,24,24,24
20200825.0,24,24,24,24,24,24
20200826.0,24,24,24,24,24,24
20200827.0,24,24,24,24,24,24
20200828.0,24,24,24,24,24,24
20200829.0,24,24,24,24,24,24
20200830.0,24,24,24,24,24,24
20200831.0,24,24,24,24,24,24
20200901.0,24,24,24,24,24,24
20200902.0,24,24,24,24,24,24
20200903.0,24,24,24,24,24,24
20200904.0,24,24,24,24,24,24
20200905.0,24,24,24,24,24,24
20200906.0,24,24,24,24,24,24
20200907.0,24,24,24,24,24,24
20200908.0,24,24,24,24,24,24
20200909.0,24,24,24,24,24,24
20200910.0,24,24,24,24,24,24
20200911.0,24,24,24,24,24,24
20200912.0,24,24,24,24,24,24
20200913.0,24,24,24,24,24,24
20200914.0,24,24,24,24,24,24
20200915.0,24,24,24,24,24,24
20200916.0,24,24,24,24,24,24
20200917.0,24,24,24,24,24,24
20200918.0,24,24,24,24,24,24
20200919.0,24,24,24,24,24,24
20200920.0,24,24,24,24,24,24
20200921.0,24,24,24,24,24,24
20200922.0,24,24,24,24,24,24
20200923.0,24,24,24,24,24,24
20200924.0,24,24,24,24,24,24
20200925.0,24,24,24,24,24,24
20200926.0,24,24,24,24,24,24
20200927.0,24,24,24,24,24,24
20200928.0,24,24,24,24,24,24
20200929.0,24,24,24,24,24,24
20200930.0,24,24,24,24,24,24
20201001.0,24,24,24,24,24,24
20201002.0,24,24,24,24,24,24
20201003.0,24,24,24,24,24,24
20201004.0,24,24,24,24,24,24
20201005.0,24,24,24,24,24,24
20201006.0,24,24,24,24,24,24
20201007.0,24,24,24,24,24,24
20201008.0,24,24,24,24,24,24
20201009.0,24,24,24,24,24,24
20201010.0,24,24,24,24,24,24
20201011.0,24,24,24,24,24,24
20201012.0,24,24,24,24,24,24
20201013.0,24,24,24,24,24,24
20201014.0,24,24,24,24,24,24
20201015.0,24,24,24,24,24,24
20201016.0,24,24,24,24,24,24
20201017.0,24,24,24,24,24,24
20201018.0,24,24,24,24,24,24
20201019.0,24,24,24,24,24,24
20201020.0,24,24,24,24,24,24
20201021.0,24,24,24,24,24,24
20201022.0,24,24,24,24,24,24
20201023.0,24,24,24,24,24,24
20201024.0,24,24,24,24,24,24
20201025.0,24,24,24,24,24,24
20201026.0,24,24,24,24,24,24
20201027.0,24,24,24,24,24,24
20201028.0,24,24,24,24,24,24
20201029.0,24,24,24,24,24,24
20201030.0,24,24,24,24,24,24
20201031.0,24,24,24,24,24,24
20201101.0,24,24,24,24,24,24
20201102.0,24,24,24,24,24,24
20201103.0,24,24,24,24,24,24
20201104.0,24,24,24,24,24,24
20201105.0,24,24,24,24,24,24
20201106.0,24,24,24,24,24,24
20201107.0,24,24,24,24,24,24
20201108.0,24,24,24,24,24,24
20201109.0,24,24,24,24,24,24
20201110.0,24,24,24,24,24,24
20201111.0,24,24,24,24,24,24
20201112.0,24,24,24,24,24,24
20201113.0,24,24,24,24,24,24
20201114.0,24,24,24,24,24,24
20201115.0,24,24,24,24,24,24
20201116.0,24,24,24,24,24,24
20201117.0,24,24,24,24,24,24
20201118.0,24,24,24,24,24,24
20201119.0,24,24,24,24,24,24
20201120.0,24,24,24,24,24,24
20201121.0,24,24,24,24,24,24
20201122.0,24,24,24,24,24,24
20201123.0,24,24,24,24,24,24
20201124.0,24,24,24,24,24,24
20201125.0,24,24,24,24,24,24
20201126.0,24,24,24,24,24,24
20201127.0,24,24,24,24,24,24
20201128.0,24,24,24,24,24,24
20201129.0,24,24,24,24,24,24
20201130.0,24,24,24,24,24,24
20201201.0,24,24,24,24,24,24
20201202.0,24,24,24,24,24,24
20201203.0,24,24,24,24,24,24
20201204.0,24,24,24,24,24,24
20201205.0,24,24,24,24,24,24
20201206.0,24,24,24,24,24,24
20201207.0,24,24,24,24,24,24
20201208.0,24,24,24,24,24,24
20201209.0,24,24,24,24,24,24
20201210.0,24,24,24,24,24,24
20201211.0,24,24,24,24,24,24
20201212.0,24,24,24,24,24,24
20201213.0,24,24,24,24,24,24
20201214.0,24,24,24,24,24,24
20201215.0,24,24,24,24,24,24
20201216.0,24,24,24,24,24,24
20201217.0,24,24,24,24,24,24
20201218.0,24,24,24,24,24,24
20201219.0,24,24,24,24,24,24
20201220.0,24,24,24,24,24,24
20201221.0,24,24,24,24,24,24
20201222.0,24,24,24,24,24,24
20201223.0,24,24,24,24,24,24
20201224.0,24,24,24,24,24,24
20201225.0,24,24,24,24,24,24
20201226.0,24,24,24,24,24,24
20201227.0,24,24,24,24,24,24
20201228.0,24,24,24,24,24,24
20201229.0,24,24,24,24,24,16
20201230.0,24,24,24,24,24,0
20201231.0,24,24,24,24,24,0
